{"cameraMode":{"drawMode":0,"name":"Shaded","section":"Shading Mode"},"sceneLighting":true,"audioPlay":false,"sceneViewState":{"m_AlwaysRefresh":false,"showFog":true,"showSkybox":true,"showFlares":true,"showImageEffects":true,"showParticleSystems":true,"showVisualEffectGraphs":true,"m_FxEnabled":true},"in2DMode":false,"pivot":{"x":-6.583678722381592,"y":11.360976219177246,"z":-7.166438102722168},"rotation":{"x":0.3647059202194214,"y":-0.0025087669491767885,"z":0.0009553704294376075,"w":0.9311436414718628},"size":4.807394981384277,"orthographic":false}