{"cameraMode":{"drawMode":0,"name":"Shaded","section":"Shading Mode"},"sceneLighting":true,"audioPlay":false,"sceneViewState":{"m_AlwaysRefresh":false,"showFog":true,"showSkybox":true,"showFlares":true,"showImageEffects":true,"showParticleSystems":true,"showVisualEffectGraphs":true,"m_FxEnabled":true},"in2DMode":false,"pivot":{"x":-17.868244171142579,"y":8.042627334594727,"z":-8.418689727783204},"rotation":{"x":-0.29086965322494509,"y":0.06365811824798584,"z":-0.01939748041331768,"w":-0.9544492959976196},"size":13.156421661376954,"orthographic":false}